series,release_date,title,rating
Battle Royale Collection,2000-12-16,Battle Royale,7.3
The Jack Ryan Collection,2014-01-15,Jack Ryan: Shadow Recruit,5.9
Cocaine Cowboys,2006-04-26,Cocaine Cowboys,7.5
Divergent Collection,2014-03-14,Divergent,6.9
Tremors Collection,2001-10-02,Tremors 3: Back to Perfection,5.4
Night at the Museum Collection,2014-12-17,Night at the Museum: Secret of the Tomb,6.1
Would I Lie to You? Collection,2001-02-07,Would I Lie to You? 2,6.4
Trapped in the Closet,2007-08-21,Trapped in the Closet: Chapters 13-22,6.1
Cowgirls n Angels Collection,2012-05-25,Cowgirls n Angels,5.3
The Krays Collection,2015-08-29,The Rise of the Krays,4.5
Prudence et Bélisaire Beresford Collection,2012-08-20,Partners in Crime,5.5
Johan Falk GSI Collection,2009-10-07,Johan Falk: Leo Gaut,6.4
Hera Pheri Collection,2006-06-09,Phir Hera Pheri,5.6
Sällskapsresorna,2011-12-25,The Stig-Helmer Story,4.8
The Hills Have Eyes (Reboot) Collection,2006-03-10,The Hills Have Eyes,6.1
The Dick Proenneke Collection,2011-12-02,Alone in the Wilderness Part II,7.6
Disney Buddies Collection,2006-12-12,Air Buddies,5.5
Aki Kaurismäkis Finland trilogy,2002-03-01,The Man Without a Past,7.0
Qatsi Collection,2002-09-02,Naqoyqatsi,6.1
Loose Change Collection,2009-09-22,Loose Change 9/11: An American Coup,6.5
Ouija Collection,2014-10-24,Ouija,4.9
Before... Collection,2004-02-10,Before Sunset,7.6
The Lion King Collection,2015-11-22,The Lion Guard: Return of the Roar,6.0
Shrek Collection,2010-05-16,Shrek Forever After,6.0
Star Wars Collection,2015-12-15,Star Wars: The Force Awakens,7.5
The Prince & Me Collection,2006-02-21,The Prince & Me 2: The Royal Wedding,4.6
The Hire,2016-10-23,The Escape,7.2
Hitman Collection,2007-11-21,Hitman,5.9
Fimfárum (kolekce),2006-02-23,Fimfarum 2,7.5
Loose Change Collection,2006-06-01,Loose Change: 2nd Edition,6.3
Pitch Perfect Collection,2012-09-28,Pitch Perfect,7.3
"Signed, Sealed, Delivered",2016-02-21,"Signed, Sealed, Delivered: From the Heart",5.5
Inspector Gadget Collection,2003-03-11,Inspector Gadget 2,3.9
Saw Collection,2006-10-27,Saw III,6.1
Trailer Park Boys Collection,2014-04-18,Trailer Park Boys: Dont Legalize It,6.6
Open Season Collection,2008-09-24,Open Season 2,5.6
Nuke Em High Collection,2017-01-15,"Return to Return to Nuke Em High, aka Volume 2",0.0
The Scorpion King Collection,2008-07-19,The Scorpion King: Rise of a Warrior,4.3
Jackass Collection,2007-12-18,Jackass 2.5,5.8
Six Degrees of Celebration Collection,2011-12-15,Six Degrees of Celebration 2,6.8
The Presidents Man Collection,2002-01-01,The Presidents Man: A Line in the Sand,3.9
The Purge Collection,2014-07-17,The Purge: Anarchy,6.6
Naruto Collection,2014-12-06,The Last: Naruto the Movie,7.3
Monster High Collection,2015-10-19,"Monster High: Boo York, Boo York",7.3
The Cheetah Girls Collection,2008-08-22,The Cheetah Girls: One World,4.9
Hailey Dean Mystery Collection,2016-10-23,"Hailey Dean Mystery: Murder, With Love",6.0
Shadow Boxing Collection,2007-10-18,Boj S Tenyu 2: Revansh,5.6
Half Past Dead Collection,2002-11-15,Half Past Dead,4.6
Nims Island Collection,2013-03-15,Return to Nims Island,4.8
Omega Code Series,2001-09-07,Megiddo: The Omega Code 2,3.6
Tetsuo Collection,2009-09-05,Tetsuo: The Bullet Man,5.5
What the Bleep! Collection,2006-02-03,What the Bleep! Down the Rabbit Hole,4.9
Kung Fu Mahjong Collection,2005-10-10,Kung Fu Mahjong,5.5
Asterix and Obelix Collection,2008-01-13,Asterix at the Olympic Games,5.0
Behind Enemy Lines Collection,2009-01-06,Behind Enemy Lines III: Colombia,5.0
Appleseed Collection,2014-05-28,Appleseed Alpha,6.4
Heavy Metal Collection,2000-04-19,Heavy Metal 2000,5.2
Ada Apa Dengan Cinta? Collection,2002-02-08,Whats Up with Love?,7.6
Starship Troopers Collection,2008-07-19,Starship Troopers 3: Marauder,4.2
Rush Hour Collection,2007-08-08,Rush Hour 3,6.1
Ghost in the Shell Collection,2008-07-12,Ghost in the Shell 2.0,7.4
Trailer Park Boys Collection,2006-10-06,Trailer Park Boys: The Movie,6.8
Frozen Collection,2015-03-09,Frozen Fever,6.9
Steal This Film Collection,2007-12-28,Steal This Film II,6.3
Ghost Rider Collection,2011-12-10,Ghost Rider: Spirit of Vengeance,4.7
Kickboxer Collection,2016-07-14,Kickboxer: Vengeance,4.5
Pokémon Collection,2006-07-15,Pokémon Ranger and the Temple of the Sea,5.6
The Work and the Glory Collection,2005-10-21,The Work and the Glory II: American Zion,8.0
Wild Things Collection,2010-06-01,Wild Things: Foursome,5.1
Wizards of Waverly Place Collection,2013-03-15,The Wizards Return: Alex vs. Alex,6.4
Paranormal Activity Collection,2011-10-19,Paranormal Activity 3,5.9
Emmanuelle 2000 Collections (USA),2000-11-11,Emmanuelle 2000: Emmanuelles Intimate Encounters,3.5
The Boogeyman Collection,2005-02-04,Boogeyman,4.6
Garfield (Animation) Collection,2008-08-30,Garfields Fun Fest,5.1
Bad Kids Collection,2017-01-13,Bad Kids of Crestview Academy,4.8
Dragon Nest Collection,2014-05-20,Dragon Nest: Warriors Dawn,6.8
Wizards of Waverly Place Collection,2009-08-28,Wizards of Waverly Place: The Movie,6.0
The Skulls Collection,2004-03-23,The Skulls III,4.8
Naruto Collection,2012-07-28,Naruto Shippuden the Movie: Road to Ninja,7.4
Scooby-Doo Collection,2010-10-15,Scooby-Doo! Curse of the Lake Monster,5.5
James Bond Collection,2008-10-30,Quantum of Solace,6.1
Ju-on Collection,2014-06-28,Ju-on: The Beginning of the End,6.0
Oceans Collection,2007-06-07,Oceans Thirteen,6.5
We Are From The Future Collection,2008-01-01,We Are From The Future,6.1
The Amityville Horror Collection,2005-04-15,The Amityville Horror,6.0
Kevin Smith: Silent Bob Speaks!,2012-02-11,Kevin Smith: Burn in Hell,6.9
Alpha and Omega Collection,2014-03-25,Alpha and Omega 3: The Great Wolf Games,4.2
Leprechaun Collection (Original Series),2000-03-28,Leprechaun in the Hood,4.4
Cloudy with a Chance of Meatballs Collection,2009-09-17,Cloudy with a Chance of Meatballs,6.5
Zeitgeist Collection,2008-10-02,Zeitgeist: Addendum,7.2
The Last Exorcism Collection,2010-08-27,The Last Exorcism,5.6
Schule Collection,2000-12-07,No More School,5.5
Herr Lehmann Filmreihe,2010-11-30,Neue Vahr Süd,6.1
Ice Age Collection,2012-06-26,Ice Age: Continental Drift,6.2
Chili Palmer Collection,2005-03-04,Be Cool,5.4
The Up Series,2005-09-15,49 Up,6.9
Dennis the Menace Collection,2007-11-10,A Dennis the Menace Christmas,4.8
Valami Amerika gyűjtemény,2008-12-18,A Kind of America 2,7.2
Pokémon Collection,2000-07-08,Pokémon: Spell of the Unknown,6.0
Batman Unlimited Collection,2016-08-30,Batman Unlimited: Mechs vs. Mutants,5.2
,2015-12-24,Joy,6.4
,2007-10-26,Jab We Met,7.2
,2011-03-21,Triangle: Remembering the Fire,0.0
,2001-01-20,L.I.E.,6.7
,2012-05-11,Gabbar Singh,5.1
,2011-10-11,Cafe,5.2
,2009-09-11,The Good Heart,6.0
,2009-11-06,Darfur,6.1
,2012-08-27,Hemingway & Gellhorn,6.1
,2009-04-29,"Die Frau, die im Wald verschwand",0.0
,2015-05-14,Tale of Tales,6.1
,2014-07-19,Drops of Joy,8.0
,2017-08-04,Chronically Metropolitan,5.8
,2010-08-10,Petty Romance,6.2
,2012-03-02,The Samaritan,5.2
,2016-10-18,First Girl I Loved,6.9
,2009-11-06,Gaiir,0.0
,2006-04-13,Raising Jeffrey Dahmer,5.0
,2005-06-22,Southbounders,6.0
,2016-09-01,Much Ado About Nothing,6.5
,2007-11-29,Kuka,6.3
,2006-09-15,Everyones Hero,5.9
,2015-01-04,Pirates Passage,6.0
,2014-07-05,Killing Daddy,6.8
,2014-01-20,The Sleepwalker,4.1
,2010-01-25,Skateland,5.8
,2013-09-05,Til Madness Do Us Part,6.8
,2011-05-13,Go for It!,4.6
,2010-04-24,Spork,7.0
,2011-09-30,The Pool Boys,5.0
,2012-08-23,The Apparition,4.5
,2012-02-11,Dragon Age: Dawn of the Seeker,5.2
,2016-04-27,A Dragon Arrives!,3.9
,2007-12-27,Rainbow Eyes,7.6
,2005-11-29,The Life Coach,6.0
,2016-04-30,Do Not Resist,6.6
,2012-03-29,Beyond,4.7
,2013-10-11,"Gahan Wilson: Born Dead, Still Weird",0.0
,2003-11-17,Ricky Gervais Live: Animals,7.5
,2011-03-22,Last Will,3.8
,2003-12-29,Tokyo Godfathers,7.7
,2006-01-13,Glory Road,7.2
,2010-07-04,18 Years Later,7.1
,2004-05-22,Sugar,4.6
,2015-05-15,Bombay Velvet,5.4
,2008-08-21,Plus one,4.0
,2016-01-28,One Breath,5.8
,2009-10-25,Dark Fields,3.4
,2010-01-26,Louis C.K.: Hilarious,8.2
,2000-10-01,George Washington,6.4
,2005-10-01,Sidekick,7.0
,2013-04-15,Village People,4.3
,2007-06-01,When Night Falls,4.3
,2007-11-06,Your Friend the Rat,6.7
,2010-01-18,Škola princů,7.0
,2014-04-17,Let Us Prey,5.5
,2013-02-23,A Story of Yonosuke,7.2
,2011-09-12,Marvel One-Shot: The Consultant,6.6
,2008-07-17,Four Nights with Anna,5.2
,2012-07-19,Man for a Day,6.9
,2008-12-25,The Other Man,5.1
,2015-01-12,Snowden’s Great Escape,8.7
,2012-08-27,After,5.6
,2011-09-11,11 Flowers,7.3
,2005-11-21,The Cutter,4.1
,2009-08-19,9,6.6
,2007-05-15,Roanoke: The Lost Colony,0.0
,2001-08-01,Dischord,0.0
,2009-10-20,Oil City Confidential,8.5
,2012-10-19,Nobody Walks,5.0
,2008-11-20,Haunted Echoes,4.3
,2001-09-07,Quitting,7.2
,2014-06-06,Holiday,5.8
,2003-08-18,Green Tea,7.4
,2013-10-17,Frau Ella,6.0
,2001-06-15,Bully,6.7
,2006-02-24,Blood Curse,5.9
,2010-03-10,Magic & Bird: A Courtship of Rivals,8.3
,2011-04-29,"Lebanon, Pa.",4.9
,2009-12-03,Babysitters Beware,5.0
,2005-07-25,Seven Swords,6.0
,2015-09-26,Follow,5.5
,2003-02-23,1st to Die,3.0
,2011-07-25,"Dont Hug Me, Im Scared",7.5
,2008-01-15,Cloverfield,6.4
,2007-01-01,Viva,5.6
,2010-01-01,Murder by Proxy:  How America Went Postal,7.0
,2007-01-01,Larry Flynt: The Right to Be Left Alone,5.0
,2011-10-03,Girl Fight,5.9
,2009-10-07,The Misfortunates,7.3
,2012-09-07,The Deep,6.2
,2016-08-31,Nocturama,7.1
,2014-02-19,Tillbaka till Bromma,5.7
,2014-09-05,The Identical,4.9
,2012-11-24,Labyrinth,5.9
,2005-06-08,The Chumscrubber,6.7
,2005-03-11,The Dark Hours,5.5
,2002-11-15,Murder in Greenwich,4.0
,2007-10-28,Puffball,3.1
,2009-03-14,Breaking Upwards,5.7
